d3mIndex,WRISTBREADTH
74,7.536275393
75,6.660945115
76,8.624467468
77,6.829234239
78,8.156109648
79,6.175487109
80,7.469532158
81,7.800268601
